Likes,Dislikes,Subscribers,Views
104460,3365,7300000,1988888
103203,3570,3300000,2617005
22485,612,1800000,932230
23077,1337,465000,1165800
12315,522,11000000,551165
138716,4417,11000000,2046842
10505,496,1600000,579260
48917,1633,4100000,3486815
56590,1004,3000000,2122981
3531,340,157000,292233
9842,253,3100000,435935
10919,413,4000000,422889
316492,7384,19000000,5247188
37102,680,1800000,1117635
33876,785,6300000,1211786
16021,4595,461000,8125406
42473,13161,391000,6852292
180665,12626,159000,16241700
12086,178,2900000,449512
14913,962,34000,1598024
59184,2214,35000,9701104
17374,924,21000,2462447
66196,4706,459000,16022201
17507,337,570000,1360639
26379,2915,10000000,9452147
26853,10735,324000,28040587
89628,5481,1600000,8376846
17374,924,21000,2462447
101468,5726,13000000,5153706
14393,2200,13000000,1580111
44160,2312,3400000,3749755
84551,5561,6600000,3640895
24936,598,18000000,1860149
68359,2709,10000,5160130
18451,651,5200000,1619070
31213,460,29000000,1514364
12058,1846,2500000,2678150
60523,2623,540000,4231282
54641,31290,2500000,18042518
38866,2991,696000,4597863
111667,47179,10000000,7458805
130616,21280,41000000,19257071
22557,663,7800000,1219669
81060,3386,17000,10858469
76285,3138,3000000,3212600
70522,1376,11000000,2411665
10307,2017,997000,449863
22526,348,11000000,771827
58956,1611,3200000,1868947
53424,1791,11000000,2042217
101140,1608,2700000,2826508
33271,8307,1300000,7730366
118817,16451,45000,16715456
129861,42420,41000000,18619655
87943,31917,1300000,18115910
128751,13601,41000000,12099803
60818,2359,12000000,3188886
54338,4002,41000000,3233997
90734,5705,41000000,6467259
583768,54876,7600000,52118409
17453,346,1500000,657648
13167,394,8400000,449226
18208,1459,683000,951333
10423,207,1400000,323573
45957,12382,358000,3089109
13295,458,10000000,545176
6536,1065,720000,605761
15501,457,2200000,649396
19963,313,625000,509725
1336,152,509000,81845
345956,4832,11000000,6120875
68697,2084,7300000,1736885
71947,13079,256000,87256969
56115,5145,324000,6902312
28406,4855,1300000,4376383
159603,121603,0,43332171
81062,3386,17000,10858469
76285,3138,3000000,3212600
70526,1377,11000000,2411665
20661,496,2800000,2461206
58956,1611,3200000,1868947
53425,1791,11000000,2042217
190424,1791,19000000,5627522
52,11,3300,11130
1949356,26470,22000000,84923448
21021,3375,0,5362429
402729,23890,2900000,97122428
6947127,512981,4000000,433139644
596,23,282000,29211
4774195,634053,5400000,495991482
4773941,160960,3000000,755133423
5271431,341851,7500000,708527437
2846199,165396,5500000,640341449
1931573,119599,1400000,271459547
261491,10825,23000000,22760411
1846527,117401,2700000,73257796
146739,25449,8200000,10980854
14686,766,0,1670161
8893670,329811,16000000,881446050
98399,6409,279000,13276598
59,31,12000,774723
13850,1349,274000,5486907
4248,195,461000,812741
795,6,79000,21593
107,15,566000,15597
55,2,271000,2655
148,3,566000,5567
36,2,566000,2123
20,3,413000,804
195,6,566000,8626
323,13,271000,20951
133,14,566000,19106
680,33,566000,108957
130,3,566000,5393
25238,1508,457000,3286733
417,18,1400000,9958
41,3,1000000,1900
3980,545,67000,1084054
498,30,1400000,16321
1255,63,471000,100786
2405,295,274000,893074
511,131,477000,38160
2370,312,274000,1070594
8992,774,274000,2133774
14403,3320,472000,7340578
13271,1763,11000,2573940
66196,4706,459000,16022201
22767,4695,274000,6728322
5775,546,274000,1300960
707,44,1400000,28292
48,2,754000,23177
5,0,109000,153
1591,68,483000,68090
5,1,98000,437
4743,399,19000000,249085
13241,188,270000,175824
13270,357,3400000,326792
56595,2494,7400000,1520042
2822,47,389000,59924
987,50,1000000,19250
38018,3756,270000,2090696
5186,594,138000,579357
193402,12533,13000000,9678547
67297,2300,10000000,1750353
15499,584,3400000,485380
31005,3766,265000,4677583
29982,6812,1100000,2639921
21629,2228,70000,1961470
60491,6842,265000,6465651
17600,319,4000000,815733
3211,142,33000,122243
19394,451,459000,324097
8627,259,354000,186413
1532,228,70000000,16700
930,188,70000000,10836
347,52,70000000,3604
2917,378,53000,796455
5154,995,0,2058051
475,20,1500000,10667
85,14,301000,24102
9029,362,2700,1187468
10352,1651,0,4101705
151,84,5900,100070
4120,238,3000,758308
12634,2129,31000,4041102
1450,153,0,275121
5415,1346,8900,4023525
5423,593,17000000,823528
10509,1433,0,3476317
8925,1510,0,3067222
25898,9946,0,8785106
472,56,21000,127795
20673,3090,0,8084975
935,268,0,600569
5530,286,35000,209580
7188,331,487000,577033
1769,209,20000000,102112
579,47,401000,16501
1186,211,28000,355692
2163,102,0,504276
11553,4866,5300000,2722553
2522,205,10000,643770
32145,6988,5300000,10083111
40710,8916,750000,16961340
27996,2273,487000,4261050
33,1,1700,7440
20515,1357,487000,1969878
1809,308,52000,875742
22453,4164,243000,8827615
2251,158,19000000,126802
4577,295,487000,340470
304,121,51000,90077
1601,477,5300000,194097
955,85,3400000,70284
19,37,336000,2686
15,6,98000,3125
868,169,5300000,19812
18,58,98000,4076
60,8,558000,4290
534,182,5300000,71874
28,3,1000000,2259
58,28,4800000,10319
255,23,958000,30228
41,11,958000,3053
265,93,3400000,19450
134,190,3400000,13815
787,32,2100000,19699
278,25,4800000,15868
3,4,1300000,2267
1992,147,2100000,91138
391,41,2100000,18862
77,4,4400000,2625
132,5,1000000,10365
2572,165,2100000,61854
257,13,4400000,11662
92,4,4400000,3892
101,85,2100000,47913
392,77,958000,59958
215,11,4400000,4848
1583,250,870000,229109
510,62,822000,118976
6981,202,7700000,237867
32976,2669,36000000,2486737
223,50,523000,81142
21195,1305,36000000,1003747
11183,390,36000000,596952
9975,15201,7100000,1492843
9179,151,7700000,244981
1738,92,646000,226177
2932,196,646000,316918
8063,353,639000,404018
7816,96,143000,63349
307,42,668000,95656
850,3,60000,28383
649,128,1000000,150068
12503,357,459000,326633
1150115,29272,22000000,75266316
23501,1176,90000,4421092
37021,930,345000,4113789
512125,10470,22000000,25545751
163157,6350,452000,38452318
12586,467,2100000,4842765
133,9,455000,2213
1100,14,38000,90338
1310,9,2100000,147422
592,10,177000,7758
41,0,35000,895
27,4,0,4354
1447948,31286,3400000,137538714
795978,16165,3400000,81080373
589041,11070,3400000,63923626
7080,144,26000,519666
17114,542,543000,1409376
4018,50,2000000,126954
46353,1832,2200000,17259546
47,1,47000,462
128,28,72000,384026
165,94,5300000,9265
76,13,1300000,7665
240,67,5300000,12384
68,26,1300000,7009
39,6,413000,1579
746,381,5300000,70483
649,57,2100000,22764
16,31,921000,372
32,6,634000,1703
3449,72,611000,64567
109,8,4400000,3166
9,17,634000,1048
780,12,297000,14336
228,38,8000000,20891
25,3,1000000,1886
2,1,634000,160
187,2,116000,4186
64,22,979000,5400
696,133,411000,36518
15,6,1500000,2829
223858,14572,79000,39283358
161906,7474,1500000,25085038
48652,3564,58000,7731667
106829,6896,1500000,23285030
559,26,58000,7459
7817,112,18000,268282
5408,461,79000,995027
28881,526,8500000,1280051
25372,743,1700000,1233833
8158,680,17000,1932795
4605,97,3600000,103943
5265,274,2100000,193514
104951,9986,96000,22921277
2990171,202687,1400000,497125386
491699,31306,1400000,68712727
59975,8092,13000000,1762758
44010,1750,3600000,2336148
8052,156,1700000,171732
1927,87,67000,372715
28684,2872,3200000,4422960
22475,3500,1100000,5778149
1806,22,7000,149937
10108,347,14000,1052769
12379,447,139000,838779
28290,2110,1300000,3979240
4303,74,7000,462089
581,32,676000,58504
492,39,974000,53328
15163,338,7700,1106888
24655,3577,2000000,4084825
9276,608,4700000,1360036
18321,1585,12000000,3049752
27300,2008,4700000,5412499
82779,3340,368000,4513571
30771,1699,12000,5424456
31556,320,6900000,636460
5497,481,63000,345120
13367,781,8900000,1139184
35327,2448,8900000,3854041
26466,2561,8900000,4255702
28220,2435,8900000,3535799
22598,1231,8900000,2328724
15,2,5000000,2591
415,11,336000,11161
43,3,1000000,2785
23,0,1000000,1724
28,1,1000000,1883
19,1,5000000,1280
15,2,5000000,1461
2822,757,3300000,263029
343,14,3600000,7987
205,8,232000,9029
233,9,98000,13832
100,22,8000000,9427
41,2,5000000,5935
32,5,189000,2231
94,3,336000,1205
152,13,8000000,5566
12,7,37000,17113
16086,8835,20000000,7750145
13478,7423,20000000,5164254
1362,722,0,646213
917,421,270000,419222
53783,24154,1000000,28669942
318411,21609,67000,86547554
2751,1529,0,1761301
15509,457,2200000,649396
2730,1274,313000,1295937
47648,3645,4000000,1250127
3620,40,1500000,63347
32527,15823,17000000,18658826
897692,531845,17000000,931698787
12926,7209,0,7916973
3819,835,17000,3774429
138,13,155000,6398
29682,17249,1800000,20126820
158,34,16000,1171832
40,2,785000,626
16,2,558000,410
6,1,958000,369
149,32,4800000,7428
7,1,413000,305
7,0,77000,164
9,1,413000,348
2,0,6800,27
10,0,558000,856
3902,266,13000000,380998
56611,1005,3000000,2123383
5160,47,2700000,51557
8408,146,4000000,173316
67,10,210000,12731
1059,56,348000,30929
938,27,66000,15286
5206,134,678000,165617
2102,64,874000,46984
2,1,210000,1346
838,13,85000,12705
1702,40,4900000,68543
39,23,210000,16634
6994,54,311000,133369
7789,181,642000,195920
49,33,210000,21548
2891,60,449000,75202
390,11,61000,18149
19428,3015,4700000,3027458
2430,439,19000000,183244
33846,2318,57000,12296147
1146,40,28000,65985
263,3,198000,4871
23522,599,3000000,1035595
3383,140,10000,292159
81914,3278,2700000,6944461
1959,93,20000000,78068
58799,1828,334000,1968702
52198,10811,4700000,8846364
23036,2512,4700000,3136857
79878,5511,3000000,9250333
5658,520,323000,731864
105711,1392,4000000,3132078
5541,160,1300000,402117
15687,1796,20000000,1304536
4632,219,198000,615886
136,13,0,17724
53417,623,20000,1765541
2455,34,20000,89379
19398,212,4000,544475
5345,795,1200000,1677631
126906,3635,79000,9599844
6656,82,0,237435
1025,4,4000,25041
149,0,1300,4373
995,15,20000,69467
8594,457,1000000,405731
804,7,20000,46817
30443,522,38000,1412750
65695,1068,49000,4017296
6664,67,410000,285123
1166,9,0,47646
651,7,389000,24333
53141,1475,79000,3540049
3403,22,20000,112832
5043,651,27000,5138441
94984,10147,308000,14551863
370,6,1200000,4917
57296,4290,308000,6938051
8431,73,1200000,143698
69,11,87000,3808
42341,3996,41000000,4242437
48142,4089,479000,8599473
329,46,364000,35132
4133,991,364000,728985
1430,11,752000,18157
0,0,0,184
6978,48,249000,148000
1,0,2600,3933
135,11,1700000,3601
1,0,9500,60
1951,29,76000,37511
559,11,26000,9334
47976,6411,210000,10911847
1959,42,41000,248507
1688,10,58000,37008
15126,249,58000,319813
11950,1236,200000,1250035
6828,359,6800,551825
1,0,5100,12
149,6,6100,3689
9,0,0,1810
6034,153,78000,313435
16752,808,111000,1155346
171,3,2100,2628
87,4,34000,2813
1098,12,147000,23774
8397,91,58000,190719
5797,153,58000,246868
3226,30,58000,55862
1699,50,78000,58796
299,6,246000,4149
3923,200,127000,287896
10699,665,640000,1944081
1683,50,3000000,79338
360615,25440,380000,64714965
145382,6810,10000000,4636295
101680,4752,2700000,7682358
59672,2177,2500000,6954551
3014,513,64000,498845
2427,140,18000000,81691
56620,1005,3000000,2124266
118159,9463,380000,24614470
21640,574,380000,2656460
23047,739,380000,3699834
992,29,256000,6432
36763,991,6100000,1210054
28647,6383,50000,19127312
266164,25706,157000,41368070
156091,7023,3000000,8801414
75328,837,1600000,1084309
5889,264,0,689367
1198,52,38000,54998
999,156,11000,469613
12726,2039,828000,1109311
83,27,1300,33944
38654,1000,459000,2595023
681,9,47000,13830
55313,2159,19000,5083775
1415,84,2600,111689
3281,410,15000,396696
21292,994,48000,3387645
1920,52,78000,163524
29335,556,957000,1097131
2316,53,78000,112591
3359,190,9700,187124
2604,48,134000,65801
7642,329,216000,336371
33178,994,2500000,1144817
3896,83,78000,237634
11068,713,137000,1521453
6808,100,100000,414857
1476,26,119000,126672
8702,312,27000,635800
209,149,0,522224
88338,5133,13000000,4900644
92,16,128000,8235
5475,301,724000,382129
27482,1711,3000000,2085411
165,10,636000,7731
224,103,114000,7724
74,8,1000000,2396
56338,2279,208000,7401503
136636,5019,7300000,3634634
61083,5637,7600000,4840828
8747,490,62000,950302
57006,10410,8900000,5069416
6100,5552,2300000,330347
569190,37506,1200000,68842078
37034,4459,1200000,6535605
79098,4011,13000000,4218706
70667,3332,13000000,4938597
118098,6350,13000000,7232283
12806,1123,41000000,898435
37434,3551,3400000,4577939
208,22,385000,14288
80482,6322,13000000,6039725
816,130,88000,103910
18,2,2900,3628
30636,3453,8400000,3786823
18432,2446,1100000,5126815
45635,3816,229000,5185476
1184,29,5300000,15967
735,22,393000,19415
5379,43,1400000,124622
6782,165,103000,67736
223041,20791,184000,20215243
156878,9019,1400000,8141936
31533,2132,41000000,3370218
58679,8862,4700000,11884961
8043,777,41000,1031271
10541,880,4700000,1216449
268,16,0,177235
29181,1082,626000,879297
4240,41,713000,82070
7116,854,23000,2396104
6652,440,344000,759062
104,9,1400,20495
31687,931,713000,827641
18527,688,31000,2021017
80660,7465,3500000,9558335
1284656,39028,3500000,87345609
102515,1542,6400,15877404
290682,5071,10000000,22526710
6011,494,124000,348688
46693,327,9800,2112307
58784,639,6300,3670350
27919,94,3900,947661
8425,311,25000,840127
10083,601,1900,2579644
420350,17910,3500000,57592606
309962,27111,121000,77691737
93063,3066,3500000,10802497
52029,482,1800000,5547191
96418,3124,17000,8430039
143886,9383,520000,47164124
2023,71,20000,162678
2838,31,261000,32582
16639,1503,4400000,398914
28848,728,213000,786946
6793,118,3400000,110076
745,40,174000,12557
828,24,299000,13469
4021,303,226000,174734
6773,288,171000,404474
159,13,25000,6128
1642,29,534000,51923
17622,2179,41000000,2722323
160,4,19000,1350
1369,23,85000,27199
618916,25615,9100000,28888901
2425,87,303000,38866
8846,777,700000,1786341
61011,4138,984000,4370013
3764,59,503000,59918
1741,34,394000,47571
13,4,0,8803
430,57,0,73359
26,4,1000000,1602
36,1,1000000,1399
4,2,240000,84
110,5,1000000,18296
3660,88,217000,29919
516,10,126000,11080
17988,1404,20000000,1891855
13186,170,1600000,120911
72,12,160000,8775
14,0,64000,865
112940,5151,20000000,7184004
3332,157,1800,130356
11911,724,20000000,776706
1293,11,745000,10460
2003,36,17000000,35969
2930,9,90000,31489
13272,929,371000,867017
1082,14,422000,14771
5740,157,20000000,153781
104,76,532000,3068
45,4,160000,2836
273,128,0,133320
18945,188,1500,705563
667,35,282000,138120
3470,139,41000,250323
19075,365,2000000,868752
267,27,1800,87431
545,154,1800000,105592
138,24,22000,48351
14,18,2100,6007
110,17,0,12688
330,0,1500,7745
8860,864,979000,1220626
2071,776,5000,756187
71636,828,3500,2807917
42019,187,0,3433545
83,7,9200,11514
10,3,2900,5265
197,47,282000,137916
235,194,226000,10088729
21326,635,929000,1769105
63785,4545,197000,2283886
16184,675,6900,1106057
58833,705,527000,2225065
45528,721,726000,2283296
20590,1723,286000,1049508
39051,1942,892000,3953600
3356,131,0,314684
46213,1432,892000,3789820
28997,583,1700000,4271974
243,8,0,25011
10356,372,929000,1203574
5870,173,929000,612075
14467,837,17000,1658678
43,2,43000,6079
373,14,1200,35224
4,1,0,452
2439,22,303000,36343
2648,38,229000,36567
30702,2747,229000,1897262
1717,17,84000,19392
1068,20,107000,7609
509,6,856000,5942
14189,309,78000,530235
594,8,198000,5594
579,5,72000,3724
519,6,159000,7983
237,6,93000,3183
47004,1558,159000,2086697
237,0,49000,2130
12418,56,339000,134907
293,3,27000,5863
123,0,23000,1104
141,0,3000,1279
1182,46,3000000,31416
24,0,8200,164
184,70,5800,1725322
18972,4036,1600000,3840476
61,0,140000,1327
7946,1484,1300000,2356577
392,57,5800,33717
2838,473,2100000,177750
5076,817,194000,855757
27889,3466,1300000,5548747
29108,1257,361000,1232841
69,0,177000,873
299,3,28000,2907
341,16,18000,13448
33285,8310,1300000,7733277
11070,1569,1300000,3141667
30691,3944,1300000,7336846
8972,1273,1500000,1505359
39,1,112000,1015
205,29,305000,32147
3832,566,140000,769526
425,24,7700,28820
20774,2236,9900,1540368
18885,2623,139000,1024652
135273,7956,12000,11184023
1654914,71344,556000,517034532
13469,1638,1100000,1704793
1882,41,273000,38003
4979,333,3500,398643
1633,252,608000,268247
1901,329,7700,239429
4650,155,139000,88813
21388,5399,66000,2412229
45217,2092,7900000,3199456
9903,1010,30000,371121
434,8,1100,24611
564546,83230,710000,33657535
2407,125,39000,206856
25,5,30000,1551
100061,9834,1000000,8492165
9136,452,216000,577132
674,30,271000,31901
1704120,86499,11000000,655434468
199403,7580,320000,31435459
417202,25697,4800000,54988450
83080,4081,140000,19951262
514,9,40000,21718
20583,8164,6500000,13374154
1534,135,56000,380575
10600,380,17000000,939974
901,31,527000,84503
749,68,56000,165985
2304564,116484,11000000,891708721
1621947,78097,11000000,488623038
766,140,56000,223591
1246,135,56000,322760
781,110,56000,217943
573,69,577000,84060
33306,570,3000000,659991
15619,302,11000000,618057
127908,8904,7300000,10908204
147150,1577,18000000,1681188
14689,526,2300000,791819
26339,1253,3200000,650781
14276,359,633000,399983
10096,141,1300000,381858
19600,1951,7600000,2502474
23232,1348,466000,1174853
39314,996,3000000,1209039
90281,21868,150000,10944825
97072,2491,11000000,6142725
236912,81096,2500000,55854042
1507,41,318000,59489
84616,949,10000000,3138650
51326,997,3200000,1400339
7235,533,2100000,363969
24481,550,633000,559363
76294,3138,3000000,3213528
378,117,72000,4221559
6349,1973,17000000,2306800
7382,2322,2100000,4565051
34338,15449,20000000,14454378
5,1,77000,263
13,0,413000,833
42,5,413000,1809
11,3,413000,750
10,3,1000000,744
1412,95,1300000,88106
805,114,1300000,139208
3019,270,1300000,414777
38,14,626000,11160
4989,1615,13000000,918428
220,84,199000,95997
3984,251,10000000,274463
45943,4181,3700000,3089477
59108,23852,17000000,53717807
21603,6442,17000000,15485744
5746,1680,17000000,1799692
1063,42,354000,59213
7762,2591,6400000,1897939
6133,2212,1300000,2341896
14495,5252,17000000,8423050
26396,749,593000,1766793
2362,118,5300,572892
651,69,10000,308844
5027,157,2100,674335
7437,1075,608000,1286716
16297,193,618000,339605
29765,653,8500000,2393460
57488,1126,76000,2199362
33666,1206,5300000,2422035
22544,672,320000,5780742
5494,190,1900000,329039
2119,78,0,483330
33,0,3400,6334
36542,1361,4300,2121012
27031,1218,1000000,4097052
19108,2742,5400000,2891146
11020,271,5300000,421842
565,17,1700,56659
379,21,10000,5081
11708,104,1500000,184224
16567,142,1500000,282877
43462,303,1500000,1009886
850,21,0,29443
40824,427,1500000,731507
16970,157,1500000,349270
20266,247,1500000,500474
29266,447,1500000,1219084
70860,678,1500000,2492303
23310,341,1500000,822924
31012,605,1500000,1420815
16674,242,1500000,570341
20879,188,1500000,682488
23616,613,90000,658595
1318,26,45000,25499
189,5,0,6653
42568,809,1500000,1924564
1,0,36000,1311
32767,8131,39000,10251724
2864,398,38000,683624
41,0,38000,3915
5954,92,235000,96497
402,18,33000,7031
3640,322,4300,1307295
68,7,38000,8852
3656,94,717000,76884
195,0,13000,2625
63,5,38000,8672
2477,361,38000,995876
18607,4466,32000,9835635
181,40,3100,80512
492,62,38000,128621
804,76,1800,174835
1260,166,26000,474479
144,13,38000,32868
384,44,38000,103192
295,15,4300,49173
116362,5029,1300000,22658693
26,6,1100,2232
2641,353,426000,480782
98626,7245,763000,14262607
28440,2021,1000000,2304583
11900,1043,426000,1609750
21662,3684,1000000,4888916
1805,109,426000,177248
276,10,1000000,10324
216,7,426000,11618
14777,1225,426000,2373792
15783,1279,1500000,2978318
81,3,426000,2430
6699,201,89000,392106
11924,998,56000,1154476
470,23,426000,31615
1146,97,1000000,96183
2623,31,451000,73549
33043,1843,305000,1519945
173,3,158000,4316
51659,1175,261000,2478241
14399,10012,53000,1865833
23,1,30000,695
395,12,32000,12979
397695,9901,5300000,50423710
1837,62,618000,90620
129,140,106000,2617
35575,3787,19000,2478811
4117030,256849,23000000,514957745
19381,1022,793000,3268066
89,6,42000,4458
694,28,82000,36577
7006,2116,3200,615438
6628,336,603000,161650
1751,29,448000,43999
1,0,0,52529
96,35,0,112762
2928574,163956,21000000,554713297
306311,87993,2700000,123542432
647857,75350,1000000,124967007
161381,5900,32000,39084743
678,161,7800,425867
386,25,2500000,30835
80634,24857,380000,27331373
3965,1377,187000,2257321
1541,63,19000000,64934
6566,592,211000,709727
5653943,415208,10000000,806922517
3315251,80757,23000000,504719863
3006992,147134,19000000,790923227
15038,1645,2700000,1549717
70333,3731,281000,10782421
2114,903,0,1706786
36240,7399,326000,18530530
331237,64491,1000000,82256698
20702,2710,1000000,2075150
15712,2796,2700000,3808531
1386,220,1000000,296729
160276,16517,797000,31567288
47998,709,156000,1471589
88755,19835,1000000,23230974
60415,8793,2700000,21657600
9723,702,339000,1448370
10562,3514,0,3086031
254965,94519,2400000,104266329
604,122,12000,270140
251598,23268,488000,42332842
260515,4421,4800000,11025240
45551,5146,797000,8131447
346604,54034,1600000,112779093
5512,40,1200000,106969
177114,15047,125000,38124453
13061,1920,2700000,3408194
24300,3215,1100000,6303293
13694,2635,2700000,3478349
35,3,566000,7964
74,5,1000000,3180
17,2,566000,2151
56,0,785000,2832
103,0,1000000,4903
14,0,16000,477
2,0,16000,103
14,0,353000,990
988,76,797000,101276
374673,16397,4900000,31791640
1606,151,2500000,384215
66360,5138,339000,10515591
46897,5398,1100000,6833424
46917,2366,360000,5691319
5512,40,1200000,106969
803,49,2700000,39825
44686,1917,797000,4159774
78891,1739,1400000,8551986
55637,10184,205000,20881094
14362,5146,23000,14278234
1952,1545,96000,703042
103,13,35000,16370
42899,2684,20000000,1911319
192,68,17000,119769
12050,643,339000,1260358
1625,161,12000,462349
227352,14251,1500000,45716289
48391,2265,67000,3118307
4064,91,20000000,67350
223,22,2700000,9320
159112,8109,2700000,14224374
139873,38661,191000,63960829
120,3,158000,2468
1898,381,966000,221202
217,11,92000,3289
255231,5054,3100000,34244860
100,64,69000,28401
397695,9901,5300000,50423710
150367,6737,1500000,30326316
345678,11055,1500000,61722527
225603,7140,11000000,19255701
46,2,0,1220
4325,185,83000,62321
3086,585,46000,1243587
47408,1162,10000000,2171865
55,83,69000,21841
1570035,59844,1700000,329250693
28096,1476,17000000,1285403
112930,3530,38000,4171556
215,4,1300,6942
10855,175,54000,609365
19510,1152,46000,1765624
798,47,188000,39866
48962,1001,9800000,3826451
6837,485,145000,695031
24641,258,126000,3637066
10497,513,11000000,931197
138,6,31000,2534
744650,38265,17000000,86374610
432741,11162,8800000,56998470
65515,726,2900000,1423579
24026,950,62000,3787543
47137,1696,138000,8186544
9003,109,101000,475407
690,9,10000,53159
12583,297,159000,571192
666,84,657000,158669
20351,255,170000,2264894
9805,235,88000,771550
2545,42,7900000,99088
35928,356,7900000,3195080
25326,502,6400000,2196462
32767,604,482000,3677717
64,2,9700,737
1156,149,0,256956
2050,38,3900,286764
1757,69,0,357121
1010,118,4100,383923
6389,394,10000,974529
4976,255,11000,565581
163288,2336,276000,23998768
5008,321,1500000,1758924
10,0,109000,476
28,1,93000,1758
979,28,567000,72730
173,15,4200000,11580
101,12,4200000,6362
5932,260,4200000,497252
737,33,4200000,71294
140,23,4200000,16421
0,1,18000,180
16865,603,78000,2530327
173,15,4200000,11580
202,91,20000,64250
1363,17,312000,29511
47,3,4100000,3624
110,4,15000,2757
101,12,4200000,6362
3911,41,787000,47890
10592,406,78000,2020773
763,5,141000,14310
277,13,145000,27908
800,11,124000,36203
758,15,46000,43387
6522,238,528000,306636
156,7,112000,21741
69,5,112000,4250
84,3,20000,2369
144,1,826000,3478
284223,18401,77000,57452643
241688,14234,3200000,13276843
13606,1410,3200,3382320
48547,8256,925000,2367835
120343,3418,6600000,8530140
12471,183,884000,360546
357815,14905,31000000,100518626
46239,2301,16000,8998380
676,177,532000,28618
18421,3978,12000000,8130085
674,10,1600000,20592
571102,35361,475000,122845251
605847,56594,925000,119652299
254442,13972,925000,80731644
6901,293,1100,1425592
1451,55,318000,23881
291003,7607,598000,40529376
95179,4482,729000,23887161
120758,2076,15000,12877485
110338,1400,9800000,2543926
20561,421,157000,1935978
1680,64,82000,103148
962,101,261000,36041
56079,2057,189000,19994563
17676,1825,173000,1444406
157732,1950,9800000,2926276
1635,66,248000,255462
18573,410,7700000,576658
31506,1778,87000,8701735
287039,6453,47000,33953776
79667,1308,4500,11824207
60416,869,3900,7163002
111715,777,9800000,1356340
17513,80,248000,161982
6,1,2900,1869
64881,5530,87000,19251737
167722,19420,1100000,52801477
227,21,1000000,45908
12,6,16000,2422
25,0,786000,822
61,2,1000000,6593
8,0,16000,1097
145,55,5300000,17737
15,3,1000000,1984
38,6,559000,3395
170195,16963,825000,45799615
139232,10065,188000,22866467
157155,4686,201000,11592654
59370,6188,96000,15675300
20679,2230,188000,4410826
6279,502,42000,793096
12245,1238,188000,2606841
52450,6591,42000,10668458
83427,7888,173000,20564871
50452,5675,592000,11411302
9453,52,5200000,90717
29771,2732,26000,5273414
21906,1649,1100000,2887486
65761,5911,592000,12002345
468,56,13000,646999
14217,466,3700000,2493941
6795,120,227000,146290
44149,1088,32000,6723422
2663,245,227000,60964
13872,365,11000,2845106
523,14,1000000,13945
9325,80,471000,172125
5025,35,562000,92462
321,13,7900,10281
26224,1002,3700000,4679042
18996,604,3700000,3284178
86442,5133,3700000,17233685
57036,5158,18000,20053006
2733,124,107000,98453
465,10,16000,12253
700,46,837000,158937
7592,405,43000,407436
3656671,162582,15000000,1244103256
1573074,45617,4000000,80330179
448387,15369,15000000,86118783
275250,3470,107000,11753915
12675,1046,88000,1605034
176,10,273000,23501
303,28,273000,42016
2355651,71843,22000000,269926896
811,47,977000,87380
10147,155,469000,715518
355,0,46000,3804
417606,17873,15000000,91986615
883362,21023,15000000,211798643
98329,1128,1900000,1948383
127,6,615000,6633
3261,60,282000,96262
26347,309,3600,2870675
150,45,150000,93304
629,13,138000,5366
3786,46,418000,36241
2607,125,2100000,80442
52,20,240000,5386
84,33,523000,4883
1,0,98000,300
1874,17,524000,40928
5220,47,744000,44072
1190,25,138000,23668
1060,18,44000,13360
861,15,20000,8311
271,4,22000,7158
361,1,110000,6587
1579,30,56000,16412
3652,79,1100000,89366
278,7,40000,5411
957,15,161000,9760
267,0,598000,5265
9772,98,418000,94997
1899,77,533000,34272
4213,157,169000,42099
536,10,29000,4869
120758,2076,15000,12877485
110339,1400,9800000,2543952
20561,421,157000,1935978
1680,64,82000,103148
962,101,261000,36041
56079,2057,189000,19994563
17676,1825,173000,1444406
157733,1950,9800000,2926326
1635,66,248000,255462
18573,410,7700000,576658
287040,6453,47000,33953897
79668,1308,4500,11824219
60416,869,3900,7163002
31506,1778,87000,8701735
111715,777,9800000,1356340
2325,62,173000,64780
6,3,2100,4321141
594,89,194000,394192
127105,2749,5500000,6253235
39942,1519,12000000,1614993
109177,1491,5500000,2253938
6016,879,3500,1502678
22544,4814,66000,5005603
12084,5340,66000,7729788
82236,1015,832000,5570483
63740,3144,5100000,5494165
8433,532,176000,614763
96183,12717,935000,16958613
215,52,13000,1665257
52263,4283,2400000,10620675
59,16,3400,60180
2331,206,194000,353406
187455,10628,5100000,13742741
56351,2302,9600000,2726310
320010,8739,6500000,14534071
603506,23616,365000,111497991
23405,347,742000,1334591
453654,51599,7300000,64457160
500017,10507,2100000,89614434
2211814,132518,7300000,262036476
14115,1317,3700,975217
1042890,22010,344000,139499082
260819,13650,1800000,24587693
1325365,67472,1300000,180314575
17831,644,1800,4377267
289242,8078,6500000,16888808
187624,4082,6500000,8085986
344924,13378,6500000,20169949
2417,61,145000,117673
181523,8918,795000,25123473
8134,1041,944000,2591680
19464,1024,795000,3282891
588782,49298,2100000,101776249
139233,10065,188000,22867034
417962,47971,1100000,113728860
6447,934,764000,960628
171196,16592,2900000,45301205
14709,1278,39000,2249731
55736,6542,374000,12158444
66828,7666,486000,8195818
79977,7837,1500000,19938939
18275,3014,764000,3509136
84473,6361,1500000,11982002
441,16,1000000,22777
56373,4944,1000000,8846883
347,11,49000,9965
6719,376,3600000,537088
44669,2616,37000,997595
128530,1921,6300000,4021937
11439,914,7900000,495199
2414,113,1600000,48419
21958,1071,163000,5303789
236,22,134,46899
778,58,272,127164
14984,404,2500000,303761
4033,82,421000,141333
1708,42,9800000,60149
4001,149,1200000,598363
1026,92,14000,166139
12096,199,1700000,420900
432,10,49000,6649
4196,149,3600000,250227
19246,520,1700000,690679
7216,56,2400000,133827
5887,380,17000,1174479
1791,390,502000,319940
598,22,362000,13182
86,4,4400,2011
739,36,828000,308575
265,8,22000,25003
2612,135,519000,214223
25,5,233000,50084
2324,91,77000,61055
66128,9386,1100000,16415160
2505,141,519000,239181
3118,514,13000,769934
4916,743,8000,1193579
2131,266,359000,1368872
321613,5140,893000,20117634
83,15,663,50503
192,66,68000,42341
539,141,491,676946
11,2,540000,861
10002,853,20000000,596550
784388,8514,5600000,9585891
3566930,83387,18000000,213342684
1773,71,1300000,251641
20146,656,1700,8972086
463556,13596,514000,60950415
2479,133,568000,302963
529,4,416000,7627
1376335,43754,5600000,89742207
565035,11335,5600000,40608959
684013,45740,5600000,28531757
6086,1095,6100,1592215
5277,1590,718000,5282149
631,37,22000,92299
3540,30,188000,45104
6158,46,2900000,64616
16508,995,197000,12616091
180,8,901,12157
732,68,248000,127297
1928684,111150,2100000,348204620
172088,18036,1700000,58245944
1975193,26902,22000000,86463756
1908970,209535,3800000,341871528
471084,40807,1800000,117033099
51593,2712,13000,10641332
786268,20200,88000,106166055
852037,22125,22000000,112178449
96293,2735,205000,15398261
762,21,677000,44863
74177,2025,2200000,10669065
307133,7661,4900000,29828826
1181904,143978,11000000,411162593
5480698,401786,28000000,1009101502
516744,24263,94000,121577482
231659,21613,1800000,62835503
517957,32688,99000,113630765
32553,2071,4200,7155334
794,2,707000,12104
22718,479,2700,3084786
11442,291,10000,1953580
55672,2449,6600000,3814916
20044,70,1600000,327319
542343,21685,1800000,211452328
11372,230,1700,2115707
531470,12919,21000,68920403
127,18,825000,11488
20289,736,3100,1478395
7293,113,34000,1389626
101789,685,1000000,2129863
55650,2387,11000,14655861
24712,630,214000,5751405
175546,3708,16000,23514961
48847,491,1900000,5695053
185522,4334,26000,9948197
787,33,38000,64151
144,8,24000,10209
6896,172,787000,885118
7200,94,14000,343305
24140,453,780000,912333
17961,302,839000,852202
8380,344,20000000,397093
4308,274,1400000,373991
129078,2331,4400000,2670903
862,24,306000,35684
20376,425,5300000,847107
2591,83,966000,83691
4816,187,30000,457970
3411,63,282000,243600
3112,75,787000,508147
3696,115,787000,577815
44246,658,44000,3821813
527,8,94000,5774
184,25,9400,52847
4632,339,859000,113073
4898,641,2600,560711
1931,136,373000,99960
4391,382,373000,383316
601,33,373000,42773
5524,277,1800000,160408
9030,339,7000,321237
350,50,1500,41684
11417,179,893000,312139
51474,583,17000,1119893
270,3,32000,3753
46,4,29000,565
44504,4952,20000000,3561858
16783,547,124000,606026
137411,13302,6400000,3320689
188490,9698,5800000,11236970
3423,491,373000,760371
30021,1004,780000,1251151
137,7,1100,9024
546,48,107000,67281
12373,708,324000,2888202
3579,102,23000,143384
347,11,49000,9965
6719,376,3600000,537088
44669,2616,37000,997595
128530,1921,6300000,4021937
11439,914,7900000,495199
2414,113,1600000,48419
21958,1071,163000,5303789
236,22,134,46899
778,58,272,127164
14984,404,2500000,303761
4033,82,421000,141333
1708,42,9800000,60149
4001,149,1200000,598363
1026,92,14000,166139
12097,199,1700000,420956
432,10,49000,6649
4196,149,3600000,250227
19247,520,1700000,690679
7216,56,2400000,133827
4879,144,2100000,140810
810,208,4800000,75097
137,27,279000,9151
127,55,523000,10312
8132,2208,3600000,618830
12,16,240000,2535
104,13,1000000,18001
255,77,960000,38012
2381,130,2100000,87758
675,68,2100000,19478
33,35,663000,4092
116,15,302000,4616
36,21,663000,2471
646,3,285000,36248
56,116,388000,12991
841,27,7300000,69495
421,70,5300000,56440
57,8,414000,1778
510,172,336000,45990
6,2,65000,654
657,116,3400000,71222
562,94,140000,84116
529,859,921000,137141
8859,94,771000,219918
26000,2297,19000000,1816825
5052,864,659000,1161452
43,18,336000,4430
9526,798,373000,717937
97,26,23000,5954
6733,251,4000,553864
54,22,980000,7060
33453,1583,96000,1514949
3781,301,50000,599429
1289,23,62000,15933
1260,12,82000,16603
274,6,13000,4288
99,3,4900,5653
25,12,302000,1278
9604,2017,3600000,665548
11968,132,407000,146461
7245,648,359000,2093202
1873,135,50000,421275
83,6,100000,12585
1060,124,621000,78667
48,2,557000,7268
433,16,23000,17130
24373,2427,247000,1473280
4254,401,107000,104409
8792,609,3400000,463805
9248,200,12000,1618241
19,8,635000,1732
248,5,3500,7071
2931,53,766000,64407
1882,70,460000,152090
2000,107,50000,249210
5336,342,499000,1487971
13,6,540000,910
1009,127,17000,123363
63,1,13000,1501
148,1,4300,1837
162,4,64000,2442
4,1,8250,14195
2318436,203415,372000,653757354
410763,56397,4300000,116133908
156844,7577,26000,23264608
63,5,3000,5168
82,2,15000,4697
9953,184,1400000,278418
224028,12776,54000,64694156
8124,1139,137000,315513
29535,4178,359000,11328861
37863,30362,3600000,2793831
868,79,786000,267363
1267369,56040,372000,342965495
657570,91614,372000,263388073
143742,4048,677000,38719598
5808,153,827000,697104
1167,395,1000000,78624
336,13,20000,12166
81,1,6600,3925
2000,107,50000,249210
941,115,869000,185425
1659928,52096,537000,190573460
3709,152,522000,376162
9036,838,460000,620233
1119,41,5800,91602
18887,335,621000,396661
228,1,350,4747
646,14,4300,8927
33,4,8500,2298
4802,307,499000,1144554
46689,3121,138000,8646156
15644,1654,1700000,3861928
30213,3913,869000,4673170
23,3,2200,4336
125234,5735,537000,19417678
8577,227,638000,183388
102842,2126,537000,13128127
731,29,19000,37848
1018,42,527000,103160
1,0,54000,371
1,0,54000,79
1,13,54000,1180
194,3,196000,6434
718,96,146000,18091
35,1,213000,2554
6,4,213000,1161
24,4,663000,1205
15,23,635000,1373
11,14,213000,1089
6,1,213000,504
24,2,285000,1283
175,6,3100000,6616
24,4,663000,768
4,3,20000,85
56,2,557000,6548
46,4,635000,3187
272,16,11000,29509
9,1,285000,510
80,2,441000,4319
6,4,635000,816
31,0,635000,891
2092,171,146000,57128
41,6,635000,3109
23,6,635000,3252
307,18,3100000,8775
25,7,635000,1615
426,31,233000,43375
372,7,3100000,14764
56,3,2700000,5393
36,3,210000,2133
954,45,3000000,58743
9,0,663000,548
37,0,663000,2912
86,10,635000,10521
23,3,663000,1889
18,0,663000,2206
7,2,663000,675
1602,20,1000000,59901
2198,197,359000,624151
116,7,1000000,9427
62,1,2700000,4468
538,27,1300000,58462
16,8,240000,2827
495,152,2100000,28014
10,0,240000,429
30,5,559000,2483
9,11,240000,338
44,3,414000,2500
187,32,980000,24075
50,6,557000,10107
930,145,146000,24101
2,0,408000,359
35,9,635000,2268
12,1,557000,802
11,0,150000,816
1003,38,544000,53937
758,50,939000,22831
2,6,319000,448
2,0,635000,730
3,4,262000,475
187,13,3100000,11673
733,52,3100000,97897
34207,3164,359000,2779237
750,46,544000,26643
132,9,50000,5748
893,64,3100000,41600
142,5,230000,5734
789390,29242,572000,78572446
1133057,17298,16000000,29506184
50,12,414000,2576
47,13,523000,3538
820,117,5300000,131232
10,0,240000,429
41522,319,1900000,1106005
186878,8048,1100000,8983116
63094,3674,39000,4161541
23000,137,1100000,302624
10056,388,85000,314730
12587,362,819000,407284
20563,329,1800000,949683
1010,49,12000000,39432
56066,32196,2500000,18598004
9802,150,955000,345793
94546,1875,178000,4239398
1107551,41443,6500000,124881789
560773,13421,572000,40811439
128524,12822,601000,15097977
11015,223,819000,341710
18021,609,819000,1152102
10347,178,144000,357825
1,0,45000,223
48571,3740,1100000,5776432
11172,1976,373000,918508
2309,15,155000,70510
68,48,1600,30806
8892,165,105000,168836
100,8,397000,4044
174267,4575,570000,3300929
713,480,382000,248978
239,28,228000,7825
44,8,10000,3158
130,24,391000,41653
135,42,181000,23811
1495,227,752000,135095
167,24,14000,9865
75,24,66000,16854
112,6,81000,6118
51,13,143000,16059
6648,208,2700000,195371
3050,362,213000,694053
21096,910,10000000,3311373
5267,273,579000,761722
1312,204,31000,228292
57736,7565,579000,7522472
1208,43,627000,83378
233,13,31000,12021
384,13,106000,22020
1794,188,19000000,1045672
364,37,27000,42794
10835,448,2700000,330686
13123,492,2700000,444154
17140,321,2700000,918622
826,201,77000,471766
14090,252,1200000,655023
2551,470,2700,2271528
373,8,7200,72236
151,66,4000,69817
150803,1348,2500000,2600780
28528,6222,295000,5946858
19167,239,799000,431503
92775,3278,13000000,5249690
133728,61638,7100000,130142043
17913,433,20000000,923237
80489,33940,7100000,52930735
195997,1472,2500000,4367955
70144,8673,1700000,6523830
188495,3552,2500000,5903955
13848,945,817000,373907
314606,4991,2500000,14178478
235,5,464000,5600
8446,64,1800000,59758
1810,34,360000,63525
3817,94,2600000,141425
18138,8060,1800000,18758141
1665,31,1500000,54745
1889,43,1500000,62382
1654,40,1500000,59548
2325,53,1500000,66259
2490,34,1500000,35910
1244,24,1500000,34749
2430,52,1500000,76287
1781,40,1500000,83765
1946,35,1500000,48581
4235,124,1500000,289516
1364,75,79000,72269
2325,53,1500000,66259
4927,144,1500000,308804
2490,34,1500000,35910
2430,52,1500000,76287
4235,124,1500000,289516
5284,101,1500000,166310
2871,54,1500000,75526
1781,40,1500000,83765
13134,96,977000,301552
3064,37,1500000,74935
143451,10104,2100000,8487448
7339,488,1500000,323452
13026,1207,678000,594790
1885,39,1500000,75101
5342,162,1500000,554579
1639,31,1500000,44924
3587,78,1500000,104744
84368,1818,1500000,3828447
62750,1383,267000,3625082
848487,29652,31000000,156705283
68646,1299,267000,9737148
277900,12009,216000,44768475
2361,48,9800000,62207
1035,45,2100000,41166
4,1,98000,468
2,1,98000,403
1,0,98000,106
6,0,98000,168
2,0,98000,131
1,0,98000,84
45462,663,267000,5142873
3945,613,5500,3319446
42021,545,267000,3332287
4414,164,31000000,524265
14473,233,267000,397942
734,761,11000,79181
241759,4528,27000,25472324
6252,378,508000,277602
59429,2079,267000,4439930
129413,5483,737000,14964621
1292136,66787,713000,168333002
11575,132,11000000,264899
25508,383,181000,361163
1016634,42498,6500000,135356750
64688,3707,433000,12078835
444948,36252,1800000,74971442
11345,589,114000,1846997
119058,4344,1400000,7225328
2434,122,114000,381878
16900,914,213000,3284714
601599,23904,345000,82345832
128,6,615000,6741
86529,2067,508000,11316314
446,32,615000,70373
56213,3373,615000,9874970
45994,2682,115000,5916074
37110,2504,28000,6790453
8755,1665,189000,2084025
6391,112,766000,263760
1642,12,45000,7814
15,5,2600,4869
32,6,2600,8896
407,82,7400,138746
195,47,86000,25779
7,0,2600,1453
495,69,1600,120787
155,11,5400000,45232
6605,236,460000,269744
627,32,577000,54090
241655,9529,19000000,4394814
206,35,3500,63563
10,2,453,438
3381,491,2700,827898
4920,88,838000,162934
420,161,74000,70552
183,23,7400,36531
104683,7132,10000000,1468873
119254,8602,10000000,1937486
55331,3570,11000000,2973196
3669,13,270000,36610
150175,8493,10000000,3286855
22,0,5800,1121
152645,11226,10000000,3708367
371447,4555,759000,23189663
29079,3460,5400000,1928937
652,49,348000,27893
2058,310,2300,877513
442,8,101000,6540
179033,28829,10000000,3592127
28310,1678,289000,3128369
5560,107,571000,184561
341857,48982,10000000,14625873
47469,514,9400000,693441
105291,5974,10000000,2038661
165,0,72000,2399
127,0,1100,8366
604541,32273,1200000,138528766
1433,93,6800,458496
24044,1067,10000000,1353050
626,9,101000,23701
3056,733,118000,586756
238,29,83000,3679
40,0,1000,537
322,6,7800,3600
858,48,37000,102261
536,22,9700,60659
388813,14761,1200000,79976244
11280,498,3700000,279516
176720,5925,1200000,46616436
41788,2326,6700,6872793
200088,7198,1200000,43246073
346634,13275,1200000,77549141
394,7,259000,15117
143971,23789,849000,12097908
6501,1263,50000,2270370
8532,1344,348000,823159
795,14,79000,44482
188,18,54000,43760
7954,330,1800000,593305
2377,37,93000,29382
921,19,131000,68997
7235,163,147000,1196594
8931,376,180000,556247
10004,244,3400000,527414
1860,103,39000,382084
8685,1224,327000,1673316
24823,2075,10000000,1552192
319,7,92000,27953
1478,286,407000,220520
4576,169,212000,146387
33055,2868,5100000,1686621
88,1,2900,5404
55897,25587,7900000,11267540
29164,14609,2900000,35646140
4753,85,212000,516297
6060,1420,26000,2597597
27992,7768,718000,17269512
3008,1142,718000,3569471
2667,264,980000,227425
2642,202,7800,1268625
68517,40233,4600000,61091051
24645,11860,12000000,27590825
253,56,191000,309190
10110,329,5100000,353809
137,12,145,83757
10137,4318,2900000,5212895
109315,51912,2900000,73062870
33946,17011,2900000,27855276
73023,2237,7900000,1626229
438,18,69000,75565
16,4,762,7118
112,18,1000,106534
1461,86,68000,150494
333,12,1200,45393
582,28,68000,70847
15906,757,777000,2412878
15431,251,391,2110796
224,5,4500,5837
642,72,348000,68240
400,22,68000,29663
215,3,4800,21215
162,6,68000,10314
1421,110,68000,164241
9602,271,68000,1351435
1236,90,68000,167995
441,23,1200,77882
336,13,41000,56255
411,29,65000,43745
86,19,467000,42717
380,7,28000,32539
9355,594,2800,2217464
415119,62546,1400000,212180682
3589,277,7700000,328609
1844,155,7700000,161861
2588,200,7700000,227499
2074,159,7700000,197908
5206,329,7700000,517108
3729,315,7700000,289754
578,61,5000,123528
80489,33940,7100000,52930735
7346,289,11000,1036708
24837,229,866000,763075
13264,1646,1900000,3445395
2009,12,69,98808
682,8,30000,28779
19767,2446,5200,4312890
76389,5912,1400000,46540415
140721,19090,1400000,93733422
13905,134,19000,457393
21223,2336,7700000,4892384
159823,21708,7700000,56071834
58711,17848,120000,40583897
239928,8343,30000,38533075
718744,6709,16000000,20593993
687869,17050,2500000,74231967
200980,675,16000000,4390812
39598,2639,65000,3659686
292623,11200,12000000,36919555
84924,2534,11000,10920197
9450,101,23000,761928
207304,4233,1500000,12387538
276960,7383,87000,26076692
2609,38,564000,68901
416,4,8300,12808
349336,14818,82000,78502611
141316,5237,82000,32498824
299759,15026,78000,105751361
25665,519,17000,3066226
73154,3344,25000,5441204
173630,7790,220000,29744987
983,5,2500,16977
1171017,24556,19000000,118716905
102698,2362,2100000,13366674
110405,5749,6100000,3582977
77441,1949,1800000,14926402
30428,937,6300,3028271
10057,352,3700,972443
7112,150,876000,379564
157,2,5000,3730
2995,14,38000,52066
32814,811,5800,2665490
86310,1497,19000000,3491912
3798525,98811,19000000,474357756
5706225,134415,19000000,772562411
1906016,42818,19000000,183565470
20332,213,141000,834307
52234,682,1900000,2956955
2562,100,1300,383782
98408,1936,2100000,21763325
340,16,100,64633
693,9,3300000,23044
63,0,56000,1021
3001,406,1100000,1005083
5965,298,265000,672451
184,27,1100000,36830
17181,1856,27000,4748120
46969,2819,2300000,7037343
108605,15193,1300000,26385829
5827,468,9600,1859492
5156,197,188000,785377
8296,344,19000000,1057551
1227,154,1100000,174670
31,7,851000,597
3579,80,25000,122555
79,1,330000,1519
2191,81,452000,196211
1432,76,702,1030400
98961,10394,9200000,13067626
19010,639,2200000,1156824
150005,2713,11000000,6396807
137564,5317,6100000,7089777
1314,264,5300000,48390
84,10,1300000,3882
228,82,5300000,21180
3,2,9800,162
3195,37,816000,114866
288418,11135,258000,15310450
8393,146,3100000,275392
2518,66,1900000,34449
309175,46618,2200000,98673220
167161,2230,5400000,4931308
1939,88,1000000,65557
67514,4936,2200000,11711695
3879,642,6400,777539
7965,1662,70000,3640548
8314,110,473000,95522
61510,1029,6100000,2592500
2254,101,2700000,88853
23066,3131,1100000,4694262
95974,5575,317000,9965492
63868,14097,579000,26803048
23,13,413,9185
41238,1073,16000,7728253
391,40,265,77030
20278,399,16000,3493013
788,12,168,118246
10757,246,16000,2628738
788,42,1100,118395
2540,86,787000,241170
5571,850,862000,2015994
10844,414,853,3254558
228,63,469,43690
2427,184,273000,638120
127,1,2400,13930
8828,172,189000,1922192
4270,66,173000,499077
326,19,300,48896
2139,82,602,674096
1685,38,197,375015
150,29,4800,52112
3290,247,1500,536338
16737,3962,291000,3288209
769,66,14000,274537
449,67,157000,210963
6031,86,3300000,325474
458,35,70000,43293
15593,7145,407000,5100113
40804,9445,2200000,3653026
152,67,630000,75334
19688,1735,445000,3554714
8560,458,30000,1811479
1382,667,44000,1360636
129,27,11000,46053
434,20,2700,38907
12185,713,19000000,985863
3010,1314,2200000,1082981
5673,305,306000,920967
559,26,186000,67436
5631,358,4400000,1664486
6246,205,306000,567268
26558,698,8500000,3442499
6555,120,280000,833687
46393,1213,8500000,5645682
1226,14,33000,58815
44246,658,44000,3821813
12747,236,215000,346505
906,25,6300,83339
153,1,500000,5840
7762,378,306000,1223220
21103,743,306000,2533848
4318,306,306000,842529
203,13,4400000,125358
170,5,261,13526
234,3,52000,21195
3725,22,1400,192559
113,12,121,22663
269,64,559000,50897
7,0,54000,540
15,1,559000,693
24,4,960000,4084
70,6,786000,5379
54,3,1000000,9846
14,3,786000,2556
12,5,279000,1556
18,4,960000,1821
25,1,414000,1709
66,13,15000,61887
2154,106,1000000,71191
16724,510,3400000,624430
75,32,408000,37014
262,38,1800000,8749
3628,255,528000,153510
1168,122,459000,49550
4,6,663000,748
32,20,176000,10022
9,1,408000,1143
669,25,386000,26071
36,9,635000,2931
9,4,408000,3548
1091,24,347000,21004
4392,129,528000,116883
998,35,43000,33153
228,28,1800000,21830
57,4,129000,2214
174577,5174,17000000,16619565
334,52,51000,81268
713419,28151,16000000,120659671
103,120,84000,86612
13,0,4900,649
38,4,11000,5983
2,0,5100,236
88668,4148,11000,28057054
128940,4813,128000,28673325
2636,52,991000,59013
6221,332,181000,150341
13066,202,16000000,189191
1023,41,333000,16696
264,15,583000,16072
278,14,229000,10108
10,2,200000,616
124044,2016,17000000,6327671
103385,2870,17000000,9746646
108499,3573,17000000,13402497
81294,1257,181000,7563590
282,14,604000,6483
395,183,1700000,447247
789,46,25000,88374
83,34,1000000,15421
13,1,557000,709
43,7,285000,815
24,2,557000,5767
54,21,285000,3428
16,5,872000,1289
502,22,3100000,12205
5405,39,595000,82493
44,3,99000,477
1,0,650000,278
147,29,2700000,5077
83,8,230000,3041
189,12,285000,11999
40,0,285000,1261
8886,2541,243000,1972981
39,12,663000,5483
78816,8494,8500000,5845327
66,12,230000,1809
178529,4991,2000000,12426679
45387,900,2000000,4874090
1810,227,669,359873
156988,7053,389000,25463499
46139,991,102000,6124289
26863,487,2100000,2052288
6445,163,2100000,475381
9810,498,14000000,654521
2174,23,2000000,199947
57276,8060,2300000,4436484
122678,2932,2100000,8524217
16057,631,1600000,1155981
28010,1141,8200000,1918697
103456,5131,8200000,7178343
55280,1096,6500000,3724701
2658,125,66000,121402
21141,772,10000,2676767
10647,373,1500,1973831
18984,940,7400,3095520
22780,946,96000,1004710
3118,62,1500,108270
10698,243,4000000,647305
49494,1763,135000,3078751
7,0,240000,121
117,15,523000,15180
2,0,6800,29
1072,24,1400000,28081
163722,1528,7300000,2967948
126817,2555,6000000,7139172
393160,5082,35000,23310349
2965,37,9800000,131602
154656,8023,35000,18455390
87400,18689,1000000,15741782
63784,2188,6600000,4339658
14646,745,7100,1011771
26577,1546,22000,1647615
16683,738,23000,1394529
32056,171,736000,1253851
14832,279,2400000,820483
30121,5272,12000000,5397297
965,41,268000,36065
27720,3849,41000000,5060600
585629,11464,587000,67928528
89423,3173,17000000,8559681
10119,236,44000,1616865
4157,46,79000,68507
119334,3741,13000,14853955
1334,44,130000,59776
104,3,29000,4387
82098,3185,8900,11298140
17739,1276,275000,2545604
190335,12985,133000,43123436
42107,741,1600000,1993863
160021,4948,34000,23998960
41537,486,587000,3298572
201411,6144,587000,28244645
235305,11109,10000,31214343
33900,967,490000,3098079
125067,20839,1500000,15426862
226331,4968,258000,36115047
24191,858,23000,4690694
3212,71,21000,132911
4709,371,2900,1781342
35018,3552,31000,8182891
1831,95,2700,489537
128468,26974,12000000,33166081
359,11,39000,36649
8122,139,1000000,212314
2499,291,3100,740716
2122,222,11000,977906
22353,296,1400000,741207
59,0,41000,2006
1720,113,30000,74259
198,0,16000,1650
5323,75,635000,111397
84,22,1500,18692
17553,310,530000,446269
1599,99,13000,73206
166543,15356,5800000,22930745
6865,88,2100000,175965
723,24,1300000,18537
220,52,68000,78363
847,190,68000,501787
191,1,22000,1450
43403,731,137000,1274240
19308,5328,185000,4784875
1549,32,56000,27281
15283,1195,395000,1800728
566,111,6400,57117
4790,135,529000,114807
40194,774,514000,1519905
20525,681,1000000,1639464
345,2,23000,2118
143361,44138,6600000,56569510
2177,81,681000,71253
48701,2336,41000,5328818
79260,751,533000,4042530
15,4,50000,4868
1044126,40191,596000,143777306
36890,5238,566000,6795395
178156,42011,415000,38118659
792,16,417000,24449
338295,87506,4100000,53460665
151,11,176000,6875
384641,3909,10000000,23815935
396051,2470,235000,24513261
654,5,195000,8658
241,26,137000,15574
230340,18270,4300000,63552045
107264,6354,2700000,11851625
5,2,84,735
34664,810,6500000,1663762
4824,60,524000,309325
283426,18760,2700000,31044998
5743,150,764000,252276
81,19,60000,19433
1001,105,1200,198478
11,0,696,301
170,45,43000,61369
31,24,1500,6655
614,174,4400,615906
360,77,469000,133228
74765,2915,6500000,4465930
67923,2219,6500000,4857131
114901,7685,6500000,9512547
159,12,15000,35081
200,27,3000,42578
275,34,43000,80386
1372,155,557,218857
204,32,172,281516
4858,152,2200000,97984
4010,185,2200000,118265
20174,154,2200000,318821
73436,428,2200000,1047987
1578773,39526,4200000,157766539
773751,41632,10000000,51440483
82600,1035,2200000,5805526
73709,1462,6300,7412411
365127,291294,2500000,631708405
114559,4677,160000,17146905
89678,1618,2200000,6046577
43993,1085,598000,4369294
80726,572,2200000,3092799
82707,1493,2200000,3262149
341668,191822,1300000,153838882
266,38,3300000,36643
12068,625,19000000,5571355
6270,142,564,1122482
111,14,3300000,9264
12578,351,36000,4771466
12195,211,30000,343843
6374,77,362,1471579
7795,200,26000,2723164
5170,107,8000000,322339
8911,310,1300,3440928
11953,292,19000000,2954272
5596,105,844,373508
1934,14,244000,12511
2616,67,78000,790739
2804,52,921,673467
2280,55,950,546010
222,5,138,33745
434,14,60000,4612
14,7,2800000,2697
163139,5725,17000000,15689298
812507,20675,2000000,128353555
7397,196,19000,485823
126078,4157,21000,18761209
63057,2575,44000,10710350
3968197,151995,8700000,567134437
29087,1699,9000,3951866
5085,20,986,84186
35826,542,22000,2545798
2542,82,347000,118945
371,14,169000,11639
9892,43,2800000,110128
71829,2876,17000000,8992802
79145,2872,17000000,9311031
392200,25013,3900000,56579129
1827,19,986,34437
63514,1267,9300,4383539
21921,456,107000,1485819
10165,274,742000,604282
111425,4118,292000,12545836
11,0,103000,1006
34,4,61000,6827
826822,23375,7700000,48262130
115927,2476,9500,12008892
133,20,143000,72811
924,21,76000,15571
39063,1643,7700000,2834512
286,16,10000,4991
225,3,111000,3880
146,9,17000,61533
4112,202,8400,954981
30277,2747,494000,4315623
287042,6452,47000,33953920
1678636,18415,7700000,112552173
56613,1122,157000,2393760
101,3,15000,2232
441,4,31000,3696
49222,1567,2500000,8543595
489253,15574,11000000,45938327
1013,239,1200,271182
105344,2497,2500000,16724210
18083,965,3700,3269453
61629,1991,10000,12753175
36039,923,2500000,5383646
6337,182,8700,776599
1061,114,529,330727
12633,433,2500,2353746
93990,445,10000000,1468207
16218,460,2100000,1593877
6772,136,1400,1186005
910357,37646,1300000,119279378
51124,3561,12000000,4182000
27570,14059,6100000,1474490
552,22,127000,43671
5779,951,47000,1068557
693,33,127000,60509
243125,7124,13000000,11006674
24,1,127000,4117
131,9,127000,17911
100,7,127000,12756
28801,4098,19000,2326580
3227,199,1200000,349665
768,47,127000,87786
12135,731,2100000,754928
806,24,193000,15488
34926,4951,1100000,5050613
1813,42,28000,50649
1127,88,279000,33073
18851,1792,962000,2731845
3417,151,2100000,116471
15180,150,1000,1129411
6636,266,7700000,446188
111707,1506,11000000,18242031
1543,74,58000,27287
228022,8841,2800000,4025090
4123,469,8600,831602
8953,97,404000,579221
8935,44,1200000,514466
21479,64,9500,966760
17188,2812,8600,4560222
14767,119,11000,894770
29813,538,5900,2396294
287042,6452,47000,33953920
22839,375,6500000,841764
4052,288,561000,790109
51955,2356,2800000,7484325
6585,492,268000,220257
102438,2848,1200000,9007154
5630,578,306000,926378
15322,784,787000,2420315
24103,466,6100,2587976
2664,359,2200,764788
9252,811,7900000,2035370
15854,632,62000,3283392
143648,5176,488000,3255363
1251,37,203000,162563
6705,346,44000,1513569
8768,340,4400000,1828661
3344,228,2700,797466
28962,2990,52000,7271102
12637,191,266000,314784
15427,640,1100000,1301455
8774,515,201000,992404
53670,740,3200000,1925103
12071,66,258000,247420
147,0,1500,5809
81044,1221,78000,5975070
13013,425,8200,1930538
200202,4905,26000,25172431
3994,94,870,305502
3882,66,1900,243517
2459,127,11000,330155
21181,556,19000,3573875
12182,278,2000,1337576
107474,3452,128000,3363089
4292,150,36000,377647
2608,93,21000,522439
2098,78,82000,348821
4017,217,3200,641733
4482,113,4800,343222
21306,385,8500000,2275075
128147,8934,17000000,18962616
1124,63,35000,119898
1730,65,3800,164065
16076,292,8500000,1653132
738,37,66000,83684
11014,177,8500000,1250389
1950,69,41000,277500
556,15,16000,47961
907,14,2200,57167
705895,19506,3900000,194529001
1857,30,2300,152480
45847,763,8500000,4112384
14906,309,8500000,1682528
19307,286,8500000,1019120
9503,134,8500000,973281
1499,24,746,50365
914,66,286,119157
7217,108,1100000,380335
49099,1714,609000,12163910
1228207,47222,326000,148584645
3699,66,144000,139717
492,23,10000,37067
864,25,203000,77236
240600,3716,15000000,22160661
594,95,1900000,41846
1701,51,6600,137765
3360,83,5900,719443
371888,7133,15000000,45603615
939,41,2500,124007
84708,3757,434000,9719731
33703,1478,7900,4331233
838766,36165,366000,127608111
1659970,52098,537000,190577378
745033,11760,15000000,49860546
230,0,105000,2462
172585,4668,185000,33425574
387,25,13000,39830
266402,6282,185000,40027377
778,46,186000,107005
373,76,11000,118754
272,46,506000,73880
399,23,4400000,73248
502,41,6100,109157
570,26,200000,62199
251,19,332,112476
938,23,787000,157078
220,8,61000,4312
179,7,4100,26945
584,11,186000,76856
118,6,18000,4457
842,59,506000,88699
196,11,75,19122
356,18,24000,51883
34,0,5100,7085
145,6,18000,24924
43,2,228000,4149
23,0,11000,561
1808752,34737,14000000,166052316
18761,454,8500000,2251156
12161,642,31000,2190906
28099,566,1900,2557501
606,24,93000,25169
1010,48,97000,120129
1453,54,1800,198296
381,26,186000,61035
71881,2032,23000,12984456
12818,1290,59000,730177
1321,47,9100,457357
3891100,103014,14000000,391581082
2606831,78675,14000000,258373945
1174746,17241,14000000,95573341
5913,310,20000000,496771
18472,3492,19000000,1462618
11204,235,176000,424230
242,7,76000,7673
1097,67,519000,124848
877,54,663,253067
121,3,15000000,7263
1972,20,105000,38768
913,148,76000,2246102
3928,2264,3100,341908
370,24,291,118370
11150,276,427000,3760613
648,112,21000,100656
1307,39,1700000,166478
2519,32,974000,262955
446,25,15000000,55138
459,27,180,170840
1066,42,15000000,157511
111,7,113000,16757
127,15,34000,22159
67,5,10000,12846
7978,136,7900000,751742
71313,2615,330000,11657326
1212993,22657,9000000,70842333
2380,127,1200000,405123
48077,108,1000000,360009
460315,3515,14000000,19817686
73453,3606,7200000,1990294
6596,85,15000,812016
1063,19,487000,33466
41579,289,14000000,354118
31836,84,1000000,258460
83093,3016,30000,18036085
14411,361,1300,3840576
89892,3233,8500,22131185
606451,16322,441000,112644893
39794,61,1000000,291420
16586,1385,2700000,1399059
264,4,770000,5780
135307,1004,412000,6615541
110393,1511,68000,15671712
463,19,438,36494
24041,304,14000000,501458
136,7,412000,6596
207,6,438,8225
577,46,2100000,92207
172,20,1600000,8702
1327,8,458000,163868
115,5,100000,4484
1609,11,100000,84412
60003,1831,14000000,7171621
10809,201,435000,685213
3943,173,32000,244019
465,17,100000,20855
12631,308,6400,985405
149,1,438,8573
839,10,4400,50370
109,2,438,6504
651,26,100000,25563
8,3,11000,2426
12,6,232000,2613
58,0,7200,2320
666,49,52000,126966
19,2,32,4819
10,5,374000,10271
40,10,34,11331
259,14,8200,20411
42,0,104,1498
2325,336,1600,474464
544,92,124000,212435
1276,98,116000,79213
30,1,43000,14300
30,3,12,5662
0,0,32,133
199414,912,16000000,1730246
272706,12627,15000000,5929070
2773,406,13000,457514
2397,18,13000,87176
1098,11,13000,39650
13269,41,3600000,211799
633,7,213000,41012
3924,36,13000,124841
2292,8,41000,33741
550,2,16000,15504
749,6,16000,18576
3592,6,950000,19177
17234,581,4300,3401089
19235,64,2800000,196563
717390,12598,15000000,26239540
267,5,16000,7632
552,6,16000,14507
8253,26,5400000,68464
42356,1176,3300000,9199601
10099,1735,4800000,3837347
678,46,70000,84834
455,21,83000,8708
29539,9573,6400000,12573213
16,0,7500,1107
31321,9200,2800000,12724609
117,0,4200,2628
45976,1291,91000,7780316
133236,4368,822000,28866152
1058,38,166000,133374
1511,14,82000,18497
563,28,61000,79495
7651,1240,6100000,2396572
34573,5363,10000000,11425703
754,47,1700,118007
10,0,2400,292
1824,2187,117000,296800944
113295,1909,2300000,11109754
158783,6427,880000,18986220
135316,1255,1900000,7647952
77739,3219,713000,8068681
90513,2521,50000,13310781
2773605,219073,5000000,235070962
9458,196,1200000,127251
13500,68,5600000,84628
245,5,74000,3759
5887,529,2300000,226209
872,53,728000,43000
41656,1048,2300000,7628838
215594,6848,2300000,63138158
107220,2856,2300000,9618425
8550,208,34000,899573
333,51,232000,13376
67098,487,14000000,3216987
742,4,1400,39261
1416,48,5300,55737
71,6,933,25177
1474,61,15000000,78414
2736,118,533000,73561
659,80,44000,15751
9423,100,1900,331215
116845,4617,9400,9475370
22,1,110,3290
30506,2437,9200000,10049704
10,0,110,3197
796,59,286,58952
1060,40,586,103670
763,54,5300,100334
1079,122,232000,95010
11,2,571,920
5651,166,116000,309405
1672,173,695,163128
161595,2562,5700000,3253547
36490,2141,237000,2850166
86157,11762,10000000,13975466
484858,7744,2700000,4626677
32572,740,623000,519834
4608,501,20000,675678
39865,4590,10000000,6770441
1064,69,14000,102294
361,41,130000,37352
263217,20394,13000000,22282803
61119,3203,2600000,9334019
38983,550,2300000,861068
17183,2065,41000000,1989259
566,96,501000,300467
4216,231,166000,266672
15551,4848,2900000,14309136
37148,2214,1200000,1935545
270765,8808,7900000,18392732
3272,168,53000,156628
573,36,1100000,104059
887,57,1000000,94167
219,7,786000,10297
1131,13,4800000,13986
70,1,559000,4616
1369,171,1000000,354668
1182,73,1100000,117884
667,46,1100000,70568
148,19,8000000,17383
4525,523,1000000,717017
2294,219,1000000,323223
1307,101,1100000,186086
1472,107,1100000,228705
58,6,1100000,7409
86,4,2800000,20188
271,17,371000,49669
42,5,1100000,9401
94,20,371000,20553
169,19,371000,41557
99,8,2900000,9995
35357,918,333000,1653486
1175,93,1100000,183413
24873,1204,551000,3665205
43446,3394,19000,2625001
53992,1946,8000,8070825
3917,122,109000,47368
5329,261,82000,790254
880,19,110000,16008
775,26,76000,81163
78055,3310,3000000,3366330
2304,19,399000,19399
370,5,30000,14242
198486,8360,82000,40322377
1728,50,319000,75027
56104,32232,2500000,18610101
282,61,22000,49187
396911,38413,126000,106280928
847720,79424,1200000,193104287
4128,57,3100000,141032
422,5,9200,4235
574,22,7900000,28757
949883,40857,288000,180019635
4867,37,300000,63758
543,3,8900,10811
18207,5132,351000,11520738
2538,75,248000,251075
2982,58,7900000,127749
7620,66,68000,143576
1458,55,2000000,163486
1458,44,1600000,44780
984,125,456000,111538
1579,79,435000,118091
517,8,7900,11101
462,3,54000,14802
991374,7701,4100000,24442181
16448,362,252000,1225795
52543,934,20000000,2327271
53754,619,22000000,1791642
48654,3300,8900000,4446566
1635,59,102000,48167
946,9,728000,30253
1672,71,447000,45288
51137,1076,20000000,3694740
150,5,56000,4926
10460,107,1600000,240834
23844,799,1000000,4868346
14681,400,252000,889515
15803,867,1300000,1486264
15279,366,252000,1151587
732,14,19000,18979
97910,8881,8900000,19565048
59040,5323,8900000,11742738
265,41,124000,10201
2171932,115685,2000000,242642211
255424,16544,180000,45521114
139910,4022,4300000,6223825
590444,27740,84000,125507063
24957,1027,255000,1988601
1471,314,373000,133701
13716,283,792000,421880
6914,153,792000,247416
1547,30,792000,48996
7388,170,3500,1013003
585,44,353000,30556
3664160,140859,8800000,1076292681
5698711,293907,1300000,1138334902
1342637,50839,8800000,195059058
2350,74,75000,31911
66273,3152,12000,5938193
568,23,353000,30081
1299,19,450000,38963
305,11,154,37608
7090,353,184000,1891201
1330,47,40000,83126
4056,208,5300,274481
8720,197,19000000,867350
680,26,19000000,172434
495,18,250,17293
10275,490,19000000,1229911
1569,55,5300,62888
1699,87,19000000,404616
1557,76,19000000,335003
1341,47,19000000,264640
5067,96,519000,164654
633,29,19000000,166369
2107,100,19000000,472041
11080,195,519000,314354
3617,79,519000,122450
16,3,41000,1550
30248,175,1200000,702667
27672,4928,1200000,2882803
9387,845,350000,789055
4135,52,727000,78747
15306,2053,559000,3605685
14957,2057,1200000,991536
2726,221,1200000,95718
6339,563,1200000,328401
147,4,41000,2872
350,35,1000000,43595
134,5,13000,2346
238387,2668,1200000,5544015
27448,491,1200000,1597637
29587,651,1200000,989197
658,7,75000,21401
13419,1591,1200000,542244
320,10,13000,2677
303,10,22000,9868
672,23,258000,30047
1351,177,325000,320002
3161,85,383000,162189
3169,334,71000,1579487
1271,177,71000,495264
1528,223,1500000,237474
1494,174,1700,412270
1095,18,1400,99922
643,19,146000,21345
2206,111,383000,152701
593,78,293000,22543
2434,305,111000,400662
2306,129,12000,275944
1563,102,4200,283325
264,21,192000,25802
974,55,12000,127423
393,26,408000,69593
259,9,5600,75973
386,9,633,28266
688,12,1400,68077
42637,859,897000,3773291
2009,512,1300000,785595
27916,5359,3500000,7996569
41371,16574,7600000,69452773
3713981,99954,13000000,660744271
5813957,141396,13000000,1013671297
359,7,1500000,15867
11494,338,936000,754030
2320,21,946000,49736
39520,1838,936000,3997684
9294,3859,17000000,4970466
33584,4900,34000,11534602
63,5,1400,6922
494089,6938,13000000,14182354
142309,7716,3500000,11853265
149,3,7300,6384
85065,1228,2200,10236230
1516356,27368,13000000,118826243
26,3,10000,24360
334,19,149000,18528
19,0,960000,952
15,9,414000,633
5,0,36000,591
64250,3010,2200000,3783860
23,3,10000,6608
240,15,328000,20284
4629,918,677000,1319991
12,1,20000,2282
649,73,20000,74046
54141,2463,2200000,5926401
9974,1100,27000,1363974
872157,11890,6500000,69412557
3818,581,677000,743096
435937,11214,36000000,68240826
26,1,10000,3609
23,7,337000,1139
158,5,20000,27766
7492,464,188000,239167
95,8,20000,15989
994,37,149000,35923
104196,10616,1300000,8141699
321805,25734,6500000,21361936
1965847,52698,638000,218925456
6860,1651,693000,859548
529,1,14000,9548
163498,9070,72000,46846169
1209,25,837000,26297
675571,36421,3500000,171954692
1733,34,93000,51469
562917,22042,2600000,83286328
1404,31,2200000,37170
82405,3099,7200000,5472628
28183,2026,1500000,2169619
741800,28639,6500000,84660506
581322,22308,6500000,54091611
193638,6620,6500000,13726316
24775,2939,744000,8441503
865,24,130000,15604
620031,31350,1100000,110232764
4914116,133354,7700000,742139514
927,611,1300,361560
95810,5872,795000,21842117
41425,2102,795000,8995850
73510,2723,20000000,4485822
127543,7204,110000,15062230
14290,541,795000,1926600
39401,1125,627000,2388492
1938,29,97000,55103
577462,10145,15000000,61231842
1598,22,696000,91826
50933,1965,246000,8567291
28175,1634,795000,7032156
32884,1145,795000,4473773
14988,565,795000,2840967
69737,34033,12000000,60410827
5021,123,433000,723625
10173,527,5800000,636620
489,21,11000,10904
14499,230,716000,223732
23557,1189,1300000,1399197
44443,1554,10000000,1895361
302755,31886,134000,81141376
2063,41,259000,18492
2270,4,77000,29634
324225,9108,17000000,14555517
2139,124,352000,35379
16088,476,2500000,927989
96415,1649,6600000,4690259
67253,1933,1500000,2587065
283,28,4500,65541
7515,4260,4400,4239646
111804,1700,3800000,2776494
105223,14835,1300000,6598371
71975,2642,552000,10342833
2774,186,19000000,244706
1238,142,1800000,77162
44668,1058,27000,4783237
139477,4245,17000000,7757352
25643,835,15000000,1431949
213947,3950,4500000,15993578
18530,345,4500000,733633
90006,2274,70000,5695380
119721,2041,15000000,7732929
13294,276,929000,1281751
17002,202,1000,1371910
1794583,53326,13000000,173762131
2243,36,257000,95401
37030,1192,1100000,7521804
77049,1166,4500000,4022015
15725,445,4500000,740496
31983,983,15000000,1995755
30343,461,4500000,1747526
227049,2226,22000,13839115
648,28,50000,18394
43417,1907,1300000,970511
985,96,276000,363508
73118,6158,4500000,5023669
3693,61,260000,42264
6,3,2900,3232
75464,958,278000,4953926
9412,289,9800000,783472
5184,596,35000,1437138
3752,774,1000000,945063
792,38,268000,58851
5978,292,11000,553260
29880,2449,20000000,3460893
58129,3825,31000,8766231
105609,1686,425000,17062716
6299,118,3600000,320955
799,6,1600,24792
407,32,907000,68274
549839,7689,278000,40215641
17793,239,81000,1456720
20370,202,278000,1276125
1236,139,2800000,234307
16871,1229,652000,1506346
2157,263,490000,321920
1837,77,490000,174994
130,14,2800000,19243
70,61,274,18088
30215,633,21000,817544
107,8,88000,11500
2380584,208155,4500000,430050846
2447279,75651,1400000,392086684
37609,2949,25000,3896877
8997,1402,18000000,1343034
468505,21120,71000000,20963312
6354474,368592,23000000,1508861615
8780603,728655,31000000,2668027074
4279125,1623287,12000000,1973880179
10242048,9653039,34000000,2017315661
896692,26953,5400000,44138092
436757,40392,184000,114608180
846389,23082,1300000,87557213
2643815,3997052,17000000,221418677
1636820,28325,997000,170486794
872926,27636,2500000,38758418
16222,301,885000,212240
360733,12956,23000000,24101315
29,32,921000,2861
52,14,921000,3733
495451,11336,19000000,52269722
11560,553,7700000,267431
259,11,33000,7521
1111,317,1400000,379464
164,15,3000,12314
795954,75230,7500000,46957523
329071,10408,2500000,14767845
1493363,63261,3600000,84020332
8,1,2900,3388
1865,15,79000,61810
337,4,150000,8417
667,9,299000,7655
1903,173,11000000,86300
120657,7934,1200000,17395672
11232,1653,165000,2989133
3077,153,7000,953313
4672,11,406000,49508
1574,557,15000,919539
360741,24144,78000,104595441
6872,301,3000,581854
3331,160,372000,696896
5696,100,1000,822247
59456,2485,830000,5706181
1638,193,72000,893337
65239,3350,1200000,6988892
5621,927,8700,2755379
11053,282,431000,1135132
2200,724,253000,1008526
21949,8901,359000,26299793
204,22,4800000,14709
50,5,190000,7165
1322,48,1000000,68144
148,2,354000,7804
38,3,523000,1611
2,0,523000,209
6,0,37000,735
655686,30611,1100000,159342883
837,103,3400000,51512
453,20,18000,25779
1291,707,962000,716682
286,7,14000,22160
286585,15171,1100000,39482977
1093322,28388,1100000,175015045
610,38,61000,34809
290,4,30000,5331
884,49,91000,15165
92,25,3700000,29344
5873,178,2800000,135368
699614,18358,1100000,152484054
46,3,230000,6646
824,48,296000,85310
489774,16840,1000000,52120372
539830,18959,1000000,50575120
123003,4344,51000,11886456
32252,12577,92000,28059855
3311,161,3700000,384489
395047,10793,1000000,36019442
176,20,12000,20759
3310,141,699000,112164
2460,32,27000,214285
374731,7129,372000,54034242
4603,140,34000,681476
69897,4027,408000,5778531
815639,44554,5900000,114371949
1856092,120180,5900000,233005253
632750,33547,4200000,106518520
1117,85,2100,324382
1975,107,12000,690035
408,32,360000,64080
48545,1500,372000,11450475
292740,25622,941000,67075460
367371,5822,11000000,58939439
321449,9512,3400000,74993250
34062,1549,32000,4446766
80723,3156,9700,24330200
3075,45,34000,152729
96895,4477,434000,11160573
1543,109,267000,125616
58902,2863,152000,12589788
20600,1030,152000,3383749
64846,2845,152000,9999347
24873,631,10000,5305504
282425,19999,1700000,42066965
41250,1019,941000,5941298
831923,82959,941000,200300580
3455,122,976,769458
2314,36,916000,65955
21,0,231,13547
15494,4762,364000,10511945
12737,263,8500000,1376145
245343,10559,1700000,34996252
407,29,50000,8097
636111,6498,7700000,15788536
2354897,45360,16000000,220866965
163445,2117,2300000,10022996
55396,1778,737000,4359284
866,7,34000,6964
183981,3520,219000,13349030
374,6,45000,5974
4929310,144741,18000000,377592591
1908,50,723000,34601
99,10,7400,4752
6133805,513698,31000000,1245979640
451,23,38000,2397
469,33,278000,38367
5556,287,35000,211752
1474045,31267,12000000,23594333
1842158,48238,12000000,57330739
349245,8053,4300000,65212745
255338,5059,3100000,34256654
46775,1058,6400,6037014
43753,1518,6300,6201505
2037,41,54000,292880
87932,16303,4400000,5053321
17543,562,68000,3731329
5658,186,2600000,179124
7873,208,543000,308706
13293,522,3300000,1033967
60993,1423,5300000,9638443
16882,552,2500000,725568
78,6,61000,5685
36589,869,627000,3086013
47440,812,3100000,6410008
72431,7679,117000,7001214
13441,155,933000,1371875
5281,106,2200000,489283
2640,112,226000,119825
12680,275,759000,293392
2776,215,40000,94727
1092371,15634,8600000,44588297
1721,39,226000,64973
628,9,101000,23701
246,9,226000,22810
791,17,226000,34594
2428,84,679000,114341
83701,47549,27000000,35877036
595,28,226000,64058
1904,44,226000,86061
3356,51,104000,111869
2346,68,0,276143
1513791,37823,6800000,71997782
1037,26,764,28809
215,21,1300,14589
544,18,70000,29946
246,19,70000,22218
24,6,3300,2460
1958349,83806,507000,437734916
512951,27671,97000,121407923
4240,347,22000,957417
748,30,303000,32411
18794,1008,20000000,2543591
635272,13535,63000,59857418
60572,9691,507000,4318994
161128,5340,43000,28745475
15591,517,173000,3473443
227768,7610,64000,51366640
22936,5327,7100000,10284265
39972,3286,448000,18727925
50275,3678,17000,15936432
2221767,96720,863000,551169789
178542,7857,507000,37660694
127798,1713,83000,6892282
216894,14772,3400000,8777700
10754,357,7300,1866368
11678,325,1400,1496058
1051,184,8700,576836
822,67,280000,274694
5639,92,3200,427823
757,23,142000,16841
18871,4818,328000,9623444
2858,69,388000,73174
78,21,4700,25507
504,47,80000,64592
1138,14,140000,24963
377,8,66000,11217
88,34,4700,48102
60057,14603,484000,33616563
35,1,21000,806
15881,660,622000,1538338
73,14,4700,23512
15272,4410,58000,10269035
2871,1676,35000,582548
821,25,772,51411
36185,444,6500000,907227
498,24,861000,46168
4299,350,37000,954938
1003,16,43000,10765
1517,38,135000,29328
475,39,412000,103882
172240,2645,3100000,28303454
753,31,221000,166984
624731,40538,4700000,108016586
356,3,28000,5929
618,13,126000,10182
216,5,6200,2452
2096,28,721000,27870
7025,151,330000,203226
383,61,10000,343443
445,3,66000,6718
68446,775,6500000,2533052
49959,218,2300000,797759
4,5,79,1373
3,4,3400,701
2,3,79,1083
2588,110,15000,703309
0,0,0,664
0,1,79,619
29,50,79,22125
0,2,79,242
1,1,232000,295
1,0,0,76
2,0,114,664
143679,7306,61000,9564613
12609,1137,2100000,839923
76129,5777,17000,20829708
15,2,1200,3859
46,4,534,13874
4,1,1,481
7,1,3,881
287478,56913,680000,55426047
159985,23543,1400000,20890110
280685,153957,3000000,170980257
16141,7901,33000,11549711
22560,437,14000,1201943
64930,3086,1400000,3570899
8430,1639,98000,3529507
170,5,4500,3474
9749,854,2500000,992102
201,9,5200,17487
30141,10708,40000,14024365
276791,92341,1300000,130770333
366403,14872,155000,65667876
5266,209,30000,1175346
11698,6922,27000000,5868568
17759,8761,3000000,9231648
882,13,49000,13720
166,86,23000,46910
270023,151611,27000000,134702514
303826,5168,8600000,9736147
1179214,709638,20000000,878224775
229828,121316,12000000,237358262
343718,27180,678000,17773202
1124,27,272000,42326
831,38,132000,90384
5079,2961,1100000,2313198
622,28,17000,22083
111801,68919,4600000,122159304
423906,239745,27000000,232975082
116256,61763,27000000,56554138
132808,74610,27000000,63375247
354381,17916,2100000,41422331
123006,79065,16000000,59965318
21,16,334000,9907
10696,6496,515000,11510326
2045,76,263000,55618
3413,57,1800000,80745
184,2,44000,2722
124592,1086,6300000,1916458
9583,549,34000,1513960
9843,411,533000,497822
120402,3823,10000000,5290295
28545,724,116000,1477476
15930,433,138000,881584
189,0,180000,2565
1191,44,138000,34114
212644,6408,43000,17707214
3925,141,1800000,145094
6371,144,151000,219514
100255,5973,562000,5520129
661,5,187000,5840
184,15,13000,18330
348138,21454,4300000,48570932
238342,7430,11000000,50853726
18018,1052,4000,2319620
6704,419,11000000,579387
10750,298,6900,1423642
437361,11737,82000,49044062
195682,9792,88000,31012284
6588731,465628,16000000,1381640085
268110,16397,67000,85678093
40462,3721,361000,12761902
7618,274,34000,1090306
2127,70,87000,23077
84717,4443,4300000,11103555
37163,1227,4300000,3916089
97842,4833,3200000,17227145
1572,29,307000,17404
405,36,23000,31276
16858,745,622000,2825469
131,4,79000,8743
442131,28896,327000,42398441
256025,15302,17000000,31018965
7651,231,1200,636962
53260,5193,825000,12983435
5318,420,825000,683884
38342,3318,20000000,2470341
64815,3459,20000,7099730
8027,984,5900,828375
21247,840,6900,1616785
180029,16245,3500000,30835209
5660,940,1000000,1115955
27153,1075,844000,9264325
629213,83322,1600000,123153860
183560,6681,1600000,9268296
46600,3080,17000,4918170
27921,5360,3500000,7998758
6792,362,395000,164872
333,23,45000,5000
8419,621,65000,719611
4729,72,550000,266091
1663,31,283000,94467
645,19,383000,26443
2871,45,550000,150018
23616,659,8500000,2224208
509,6,283000,22028
298,64,708,41329
16447,426,1400000,774948
112,7,738,14554
6349,187,80000,818520
3100,330,572,686031
1713,27,74000,83137
1561,79,2200,80205
21761,425,550000,788712
32708,986,832000,581322
32490,148,1900000,431453
6988,268,329000,269669
55,4,1400,8916
252,35,710,27515
1489,91,7800,49806
150,5,96000,11607
605,38,12000,54807
852,89,28000,235087
543,15,6000,20663
105,6,6500,6817
276,25,17000,28435
111,17,2500,35094
6463,399,1200,1540844
670,18,808,165965
109,21,881000,29970
847,41,16000,26696
809,38,667,56411
18,7,881000,3964
693,86,64000,161183
214,21,18000,19252
616449,17905,2000000,75461505
111669,3264,12000,21943152
408983,11967,2000000,49707477
4389,166,30000000,309775
18056,336,2100000,1643444
71466,862,859000,5545616
70161,2423,34000,12309801
22111,610,802000,3433627
104024,6450,5700000,12870954
679,31,289000,41725
23765,272,588000,1320869
14906,309,8500000,1682528
4895027,147461,2000000,685433594
3216161,91029,15000000,486620515
5807049,293319,15000000,993316902
29674,433,5700000,1903978
83667,2142,2000000,9065074
44579,768,2200000,705700
432,27,178000,29937
5811,330,1900000,165746
12,2,419000,4612
17081,613,1700000,638217
8798,218,653000,675726
49717,5851,16000,7327630
53312,1279,3000000,1821062
1544,82,118000,144795
1362,118,16000,417911
22923,1005,4300000,777233
2970,205,120000,177635
7167,919,138000,844725
2397,149,3000,227374
10777,239,7900000,951786
5130,1073,43000,818769
27980,1065,1700000,1642558
5004,203,2000000,241638
3277,184,213000,227135
10843,1387,1500000,2178738
5757,223,991000,348365
1172,308,16000,396946
2475,757,16000,630181
549,91,81,62456
12884,5896,1400000,10702757
2010,513,1300000,786170
56,21,630000,22529
3163,827,1300000,1147726
246206,61112,483000,189403307
196,14,13000,5185
966,24,26000,21140
1167,486,64000,702571
1552,353,1300000,501929
4158,1078,1300000,2091735
5540,93,50000,137921
36,4,1100,1808
605,17,3500000,16006
5245,455,11000,921948
416869,3234,1200000,16734969
1173,17,662000,22675
796,18,26000,13009
30,4,469,46131
47552,3226,1000000,7177456
19562,428,484000,1025689
1282,16,460000,31179
360751,24145,78000,104596690
4385,478,17000,511592
20496,1386,15000,4825876
234850,6553,1000000,43185311
77400,2831,34000,4732568
41517,3371,1300000,2907068
217856,8309,1000000,25476048
255,16,5500,25175
85,16,63000,2916
34492,2075,1000000,4771263
43039,4493,1000000,7124887
35233,2469,1000000,4780294
22455,1053,519000,1471718
244,4,54000,4700
349761,11625,1000000,66300775
3486,38,460000,89592
66181,2634,46000,14755236
11758,927,4000000,811095
16584,240,3100,2493400
2115,82,298000,85578
357,73,7100,14575
11812,1721,299000,754508
9479,2946,689000,2103573
1421,77,240000,98601
47,4,26000,1388
14337,235,7900000,907823
28002,506,3700000,570509
462,15,104000,5229
140758,15381,4000000,19430013
453560,23261,76000,99781127
22117,1877,4000000,2453085
35373,1074,3600000,1620347
12450,412,64000,360050
88,1,29000,1077
23003,3818,666000,5952357
7432,54,24000,250424
7162,366,83000,287002
19893,2654,125000,1260849
26440,410,728000,1110400
42,1,18000,1087
4717,251,83000,328672
170,3,27000,3537
24059,143,24000,1050666
5389,48,24000,181676
3049,37,24000,147314
13,4,164,1918
118,3,50,4091
490136,16342,264000,38947844
116857,7684,18000000,14732082
2156713,142809,18000000,841283033
438,2,102000,10236
9375,73,728000,153619
2859,66,83000,114380
576,10,83000,11712
2739,38,828000,363922
21016,1118,65000,1894962
11715,240,379000,744846
585,16,500000,65868
522,26,500000,60293
3531,226,211000,583367
9465,185,958000,572866
4045,27,78000,134793
481,5,26000,20738
2133,70,73000,184353
3417,45,828000,310747
13595,168,1900000,1251044
1573,29,828000,244857
1197,19,828000,216401
1442,298,110000,197452
92,5,22000,16793
11894,178,134000,511446
102,93,1300,202143
14711,339,2000000,1240528
1093,60,78000,181243
357,10,4400000,117657
509,20,77000,25684
499,48,11000,170037
1040,33,6100,185539
7362,236,17000,945272
4431,85,78000,213121
555,36,29000,115553
136,3,77000,6560
13902,227,484000,846993
2496,330,63000,260915
70806,1577,2000000,3939921
952,55,61000,87835
10438,479,8000,803450
1741,121,56000,201833
481,21,428000,87788
3614,134,1600000,529224
98,12,1900,7564
9977,468,17000,1787916
1411,76,52000,209402
5435,86,958000,275398
652,274,58000,253289
10340,407,115000,1271663
2047,45,787000,181962
346,25,51000,67189
2078,139,24000,257217
3224,171,379000,256228
256,32,425,32377
2414,80,30000,78485
410,34,500000,68067
9854,951,336000,1252161
8027,545,393000,558048
16911,505,484000,2891935
539,39,153000,61264
266,5,78000,29008
650,10,14000,29532
107,20,51000,24145
901,50,484000,407422
102,93,1300,202143
70806,1577,2000000,3939921
55914,1184,1400000,2080571
3903,83,78000,238244
3150,95,11000000,280485
2559,114,967,291072
3689,146,172000,370509
2104,31,3600000,300044
852,8,22000,57323
1263,14,30000,17223
4789,88,365,692565
2456,21,32000,160927
38730,1003,460000,2600468
5144,216,336000,290877
5702,459,61000,534720
11016,85,48000,989043
41467,464,4900000,2452960
2869,89,1800,265573
8525,77,48000,1124452
271,10,16000,25471
5085,98,1600000,442804
91,5,7200,32917
130,78,98,45873
2500,90,85000,384753
163,36,263,32892
293,9,18000,31711
403,112,198,269742
267,39,169,74151
44,7,294,30789
78,8,578,14158
187,2,7800,13004
999,20,11000,99622
4833,47,465000,193093
118,16,19000,21784
29,2,6100,5427
321,34,3400,150226
143,7,116000,29077
